[
    {
        "productId": 1,
        "productName": "Minimum Viable Product ",
        "productCode": "GDN-0011",
        "releaseDate": "April 6, 2014",
        "description": "Richard is a computer programmer. He has to choose between a $10 million deal with Gavin Belson and a $200.000 deal with Peter Gregory, in exchange for his cooperation to make the idea of a super compressing algorithm change the world.",
        "price": 19.95,
        "starRating": 3.2,
        "imageUrl": "http://ia.media-imdb.com/images/M/MV5BYWIyODUxOTItOTYwNS00Mjc4LWI4ZjUtNWQ2YWVmNWQ1MmViXkEyXkFqcGdeQXVyMjg2MTMyNTM@._V1_.jpg"
    },
    {
        "productId": 2,
        "productName": "The Cap Table",
        "productCode": "GDN-0023",
        "releaseDate": "13 Apr. 2014",
        "description": "Richard hires Jared to design a business plan. Big Head is asked to work for Gavin Belson, where he discovers that Hooli has stolen the Pied Piper algorithm and calls it Nucleus. Meanwhile Richard struggles to get his money from Gregory.",

        "price": 32.99,
        "starRating": 4.2,
        "imageUrl": "http://ia.media-imdb.com/images/M/MV5BMTk2MDg2NjMzM15BMl5BanBnXkFtZTgwMzk0NTc5MjE@._V1_.jpg"
    },
    {

        "productId": 5,
        "productName": "Fiduciary Duties",
        "productCode": "TBX-0048",
        "releaseDate": "27 Apr. 2014",
        "description": "Richard drunkenly promises to make Erlich a board member, which he regrets the next morning. Big Head finds others at Hooli, who like him, have made careers out of doing nothing. Richard struggles to put Pied Piper's vision into words",
        "price": 8.9,
        "starRating": 4.8,
        "imageUrl": "http://ia.media-imdb.com/images/M/MV5BMjI4NTM2NzY3N15BMl5BanBnXkFtZTgwODk2NTc5MjE@._V1_.jpg"
    },
    {
        "productId": 8,
        "productName": "Signaling Risk",
        "productCode": "TBX-0022",
        "releaseDate": "May 4, 2014",
        "description": "Now that Pied Piper is the official company name, Erlich wants a logotype to go with it so he hires a very unexpected artist in for the job. Meanwhile Richard gets a tighter deadline for the project after a simple mistake.",

        "price": 11.55,
        "starRating": 3.7,
        "imageUrl": "http://ia.media-imdb.com/images/M/MV5BMTYwNDgyMzI5NV5BMl5BanBnXkFtZTgwMTc1NDc5MjE@._V1_UX200_CR0,0,200,112_AL_.jpg"
    },
    {
        "productId": 10,
        "productName": "The Red Woman",
        "productCode": "GMG-0042",
        "releaseDate": "April 24, 2016",
        "description": "The fate of Jon Snow is revealed. Daenerys is brought before Khal Moro. Tyrion gets used to living in Meereen. Ramsay sends his dogs after Theon and Sansa. Ellaria and the Sand Snakes make their move. Cersei mourns for Myrcella.",

        "price": 35.95,
        "starRating": 4.6,
        "imageUrl": "http://ia.media-imdb.com/images/M/MV5BMjExOTYxMDM0N15BMl5BanBnXkFtZTgwNjY5Njk5NzE@._V1_UX200_CR0,0,200,112_AL_.jpg"
    }
]